Model,Accuracy,AUC,Precision,Recall,F1,MCC
Logistic Regression,0.9210429673154609,0.9947575554672705,0.9351464130604212,0.9319470788695117,0.9333132793000097,0.9046090702931583
Decision Tree,0.89386705839148,0.945788212696477,0.9095962287385221,0.9102868189365954,0.9098234465812131,0.8717401594490836
KNN,0.9170033051781123,0.9832624309295539,0.9322658789069455,0.9274294170383229,0.9295683141255856,0.8996475016488964
Naive Bayes,0.8979067205288285,0.9916140133662351,0.9112374978297467,0.9092384546214823,0.9091099074457399,0.8772632840842779
Random Forest,0.9206757253029747,0.9919440657192446,0.9348967618064237,0.9308368918018728,0.9327438965132445,0.9040504432901083
XGBoost,0.9239809034153507,0.9949835371025565,0.9384735671532874,0.9334525924548551,0.9358508178287696,0.9080335415371316
